Year,Extraversion,Number of textees,Hours of sleep,Handedness,Sleep position,Pets,TV,Piercings
Second Year,7,5,7,Right-handed,On your back,a little brother,Black Mirror,3
Second Year,3,6,7,Right-handed,On your right side,Bird,None,0
Second Year,3,8,6,Right-handed,On your right side,Bird,The Bear,0
First Year,4,4,7,Right-handed,On your left side,Bird,Gilmore Girls,1
Second Year,3,3,7,Right-handed,On your stomach,Bird,None,2
Second Year,4,4,7,Right-handed,On your right side,Bird,The Bear,2
Second Year,7,5,7,Right-handed,On your right side,Cat,Ahsoka,0
Third Year,4,6,6,Right-handed,On your right side,Cat,"Ahsoka, The Mandalorian, One Piece",0
Third Year,4,3,6,Right-handed,On your back,Cat,Attack on Titan,0
Second Year,5,4,7.5,Right-handed,On your stomach,Cat,Better Call Saul,0
Second Year,7,10,7.5,Right-handed,On your back,Cat,Black Mirror,0
Third Year,7,10,7,Right-handed,On your left side,Cat,Black Mirror,0
First Year,7,6,7,Right-handed,On your right side,Cat,Black Mirror,0
Third Year,4,7,8,Right-handed,On your right side,Cat,"Black Mirror, Hunter x Hunter",0
Second Year,5,5,7,Right-handed,On your right side,Cat,"Black Mirror, The Bear",0
First Year,3,7,8,Right-handed,On your left side,Cat,Euphoria,0
First Year,7,5,8,Right-handed,On your right side,Cat,Game of Thrones,0
Third Year,5,2,8,Right-handed,On your right side,Cat,House MD,0
Third Year,9,10,6,Right-handed,On your back,Cat,How I Met Your Mother,0
Second Year,5,2,6,Right-handed,On your back,Cat,How to Get Away With Murder,0
Second Year,5,4,7,Left-handed,On your back,Cat,None,0
Fourth Year,8,4,5,Right-handed,On your back,Cat,None,0
Third Year,3,3,7,Right-handed,On your back,Cat,None,0
Second Year,9,10,7,Right-handed,On your back,Cat,None,0
Third Year,7,4,7,Right-handed,On your left side,Cat,None,0
Second Year,6,5,7,Right-handed,On your left side,Cat,None,0
Third Year,4,5,8,Right-handed,On your left side,Cat,None,0
First Year,3,5,6,Right-handed,On your right side,Cat,None,0
First Year,3,8,8,Right-handed,On your right side,Cat,None,0
Second Year,7,10,8,Right-handed,On your right side,Cat,None,0
First Year,2,4,7,Right-handed,On your stomach,Cat,None,0
Second Year,8,5,8,Right-handed,On your stomach,Cat,None,0
Fourth Year,3,3,10,Right-handed,On your stomach,Cat,None,0
Third Year,3,4,6,Right-handed,On your back,Cat,One Piece,0
Second Year,5,20,7,Right-handed,On your back,Cat,One Piece,0
First Year,4,6,8,Right-handed,On your back,Cat,One Piece,0
Second Year,4,3,7,Right-handed,On your stomach,Cat,One Piece,0
First Year,4,6,7,Right-handed,On your right side,Cat,"One Piece, Ted Lasso",0
Third Year,6,6,8,Right-handed,On your right side,Cat,"One Piece, Ted Lasso, The Bear, Game of thrones",0
First Year,7,3,7,Right-handed,On your right side,Cat,Succession,0
First Year,7,10,8,Right-handed,On your stomach,Cat,"Succession, Gilmore Girls",0
First Year,6,10,6,Right-handed,On your back,Cat,Ted Lasso,0
Fourth Year,4,3,7,Right-handed,On your back,Cat,Ted Lasso,0
First Year,5,4,8,Right-handed,On your left side,Cat,Ted Lasso,0
Second Year,8,6,6,Right-handed,On your left side,Cat,The Bear,0
Third Year,5,4,7,Right-handed,On your left side,Cat,"The Last of Us, Ahsoka, The Mandalorian, One Piece",0
First Year,4,12,7,Right-handed,On your right side,Cat,"The Last of Us, One Piece, Ted Lasso",0
First Year,7,10,7,Right-handed,On your right side,Cat,"The Last of Us, Succession, Black Mirror, Ted Lasso",0
First Year,8,2,6,Right-handed,On your stomach,Cat,"The Last of Us, The Mandalorian",0
First Year,4,2,5,Right-handed,On your back,Cat,The Mandalorian,0
First Year,9,5,7,Right-handed,On your left side,Cat,The Mandalorian,0
First Year,7,5,8,Right-handed,On your right side,Cat,Young Sheldon ,0
First Year,7,10,6,Left-handed,On your left side,Cat,Gilmore Girls,1
Fourth Year,5,5,6,Right-handed,On your right side,Cat,Gilmore Girls,1
Second Year,5,3,4,Right-handed,On your right side,Cat,None,1
Fourth Year,9,15,7,Right-handed,On your right side,Cat,None,1
First Year,5,3,7,Right-handed,On your stomach,Cat,"Ahsoka, Gilmore Girls",2
Third Year,5,3,8,Right-handed,On your left side,Cat,"Ahsoka, The Mandalorian, Gilmore Girls",2
First Year,6,3,7,Right-handed,On your back,Cat,Atlanta,2
Second Year,8,10,8.5,ambidextrous,On your back,Cat,Black Mirror,2
Second Year,3,3,7,Right-handed,On your left side,Cat,Black Mirror,2
First Year,6,5,5,Right-handed,On your left side,Cat,Gilmore Girls,2
Second Year,9,20,7,Right-handed,On your right side,Cat,Gilmore Girls,2
Fourth Year,6,4,6,Right-handed,On your stomach,Cat,Gilmore Girls,2
Second Year,4,10,9,Right-handed,On your right side,Cat,Merlin,2
First Year,4,10,7,Right-handed,On your left side,Cat,None,2
Second Year,5,4,8,Right-handed,On your right side,Cat,None,2
First Year,8,5,8,Right-handed,On your right side,Cat,None,2
Third Year,3,5,8,Right-handed,On your stomach,Cat,None,2
First Year,3,2,5,Right-handed,On your back,Cat,One Piece,2
Third Year,6,6,8,Right-handed,On your left side,Cat,One Piece,2
Third Year,4,2,8,Right-handed,On your right side,Cat,One Piece,2
Fourth Year,7,2,9,Right-handed,On your left side,Cat,Squid Game,2
Fourth Year,3,4,8,Right-handed,On your right side,Cat,"Succession, Black Mirror",2
Third Year,7,8,7,Right-handed,On your right side,Cat,Ted Lasso,2
First Year,6,9,8,Right-handed,On your left side,Cat,The Bear,2
First Year,4,2,7,Right-handed,On your stomach,Cat,The Bear,2
First Year,7,7,8,Right-handed,On your right side,Cat,"The Fall of the House of Usher, Gilmore Girls",2
First Year,7,5,8,Left-handed,On your left side,Cat,The Last of Us,2
First Year,3,4,8,Right-handed,On your left side,Cat,The Last of Us,2
First Year,3,8,7,Right-handed,On your left side,Cat,"The Last of Us, The Mandalorian, Ted Lasso",2
Second Year,8,5,8,Right-handed,On your right side,Cat,Black Mirror,3
Third Year,5,2,6,Right-handed,On your left side,Cat,"Black Mirror, One Piece",3
First Year,8,8,7,Right-handed,On your back,Cat,"Black Mirror, One Piece, Gilmore Girls",3
First Year,8,5,6,Right-handed,On your back,Cat,Gilmore Girls,3
Second Year,3,2,7,Right-handed,On your left side,Cat,Gilmore Girls,3
Second Year,5,5,8,Right-handed,On your right side,Cat,"The Last of Us, None",3
Second Year,7,20,6,Right-handed,On your right side,Cat,Black Mirror,4
First Year,8,10,6.5,Right-handed,On your stomach,Cat,Black Mirror,4
First Year,8,15,7,Right-handed,On your left side,Cat,"Black Mirror, Gilmore Girls",4
Third Year,1,1,6,Right-handed,On your left side,Cat,None,4
Second Year,6,3,9,Right-handed,On your left side,Cat,None,4
Second Year,3,3,7,Right-handed,On your left side,Cat,One Piece,4
Second Year,9,10,8,Right-handed,On your right side,Cat,"Succession, Gilmore Girls",4
Third Year,6,10,8,Right-handed,On your right side,Cat,"The Last of Us, Ted Lasso, The Bear",4
Third Year,4,3,7,Right-handed,On your left side,Cat,The Mandalorian,4
Third Year,4,4,7,Right-handed,On your stomach,Cat,"The Mandalorian, The Fall of the House of Usher",4
Second Year,7,5,7,Right-handed,On your stomach,Cat,Gilmore Girls,5
Second Year,2,5,7,Right-handed,On your back,Cat,"Ted Lasso, Gilmore Girls",5
Third Year,3,3,7,Right-handed,On your left side,Cat,Ted Lasso,6
First Year,3,2,7,Right-handed,On your stomach,Cat,"Ahsoka, The Mandalorian",7
First Year,8,5,7,Right-handed,On your right side,Cat,Bones,7
First Year,5,10,7,Right-handed,On your left side,Cat,"Ted Lasso, Gilmore Girls",7
Third Year,4,3,7,Right-handed,On your left side,Cat,The Bear,7
Third Year,4,20,4,Right-handed,On your left side,Cat,Black Mirror,8
First Year,8,15,7,Right-handed,On your left side,Cat,The Office,8
Second Year,8,4,6,Right-handed,On your stomach,Cat,"Succession, Black Mirror",15
First Year,8,58,4,Left-handed,On your left side,Cat,The Last of Us,49
First Year,5,2,8,Right-handed,On your left side,"Cat, Bird",Money Heist (aka Casa de Papel),2
Third Year,3,1,7,Left-handed,On your right side,"Cat, Chickens",Breaking Bad,0
Third Year,9,0,2,Right-handed,On your back,"Cat, Dog",Black Mirror,0
Third Year,6,4,8,Right-handed,On your right side,"Cat, Dog",Black Mirror,0
First Year,5,2,8,Right-handed,On your back,"Cat, Dog","Black Mirror, One Piece",0
First Year,8,10,7,Right-handed,On your left side,"Cat, Dog",Money Heist,0
Second Year,5,2,8,Left-handed,On your back,"Cat, Dog",None,0
Second Year,3,2,6,Right-handed,On your left side,"Cat, Dog",None,0
Third Year,9,17,7,Right-handed,On your right side,"Cat, Dog",None,0
First Year,7,12,7,Right-handed,On your stomach,"Cat, Dog",None,0
Third Year,6,3,8,Right-handed,On your stomach,"Cat, Dog",None,0
Third Year,10,5,8,Left-handed,On your left side,"Cat, Dog",One Piece,0
First Year,7,10,8,Right-handed,On your left side,"Cat, Dog",Succession,0
First Year,9,50,9,Left-handed,On your back,"Cat, Dog","Succession, Black Mirror",0
First Year,5,9,7,Right-handed,On your left side,"Cat, Dog",Ted Lasso,0
Third Year,4,10,8,Right-handed,On your right side,"Cat, Dog",Ted Lasso,0
Second Year,2,4,8,Right-handed,On your back,"Cat, Dog",The Bear,0
Second Year,3,4,6.5,Right-handed,On your left side,"Cat, Dog","The Last of Us, Scavengers Reign",0
Second Year,8,22,8.5,Left-handed,On your left side,"Cat, Dog",The Mandalorian,0
First Year,2,2,6,Right-handed,On your right side,"Cat, Dog",The Mandalorian,0
Third Year,6,6,6,Right-handed,On your stomach,"Cat, Dog",The Mandalorian,0
Third Year,8,15,6,Right-handed,On your back,"Cat, Dog",The Fall of the House of Usher,1
First Year,3,6,6,Right-handed,On your back,"Cat, Dog",The Mandalorian,1
Second Year,7,8,8,Right-handed,On your stomach,"Cat, Dog",Ahsoka,2
Third Year,4,4,7,Right-handed,On your right side,"Cat, Dog",Arrested Development,2
First Year,7,3,6,Right-handed,On your right side,"Cat, Dog",Black Mirror,2
Second Year,3,6,7,Right-handed,On your stomach,"Cat, Dog",Black Mirror,2
First Year,5,4,6.5,Right-handed,On your back,"Cat, Dog","Black Mirror, One Piece",2
First Year,4,4,5,Right-handed,On your left side,"Cat, Dog","Black Mirror, One Piece",2
Third Year,8,15,8,Ambidextrous,On your back,"Cat, Dog",Bojack Horseman,2
First Year,4,4,7,Right-handed,On your right side,"Cat, Dog",Gilmore Girls,2
Third Year,5,15,7,Right-handed,On your stomach,"Cat, Dog",Gilmore Girls,2
Third Year,8,10,6,Right-handed,On your back,"Cat, Dog",None,2
Third Year,3,6,7,Right-handed,On your left side,"Cat, Dog",None,2
Second Year,6,6,8,Right-handed,On your left side,"Cat, Dog",None,2
Second Year,6,2,7,Right-handed,On your stomach,"Cat, Dog",None,2
First Year,6,4,7.5,Left-handed,On your left side,"Cat, Dog",Ted Lasso,2
Second Year,7,15,8.5,Right-handed,On your right side,"Cat, Dog","Ted Lasso, Gilmore Girls",2
First Year,3,4,7,Right-handed,On your left side,"Cat, Dog",The Bear,2
Third Year,4,3,6,Right-handed,On your back,"Cat, Dog",The Last of Us,2
First Year,8,3,7,Right-handed,On your back,"Cat, Dog",The Last of Us,2
Second Year,7,4,7,Right-handed,On your left side,"Cat, Dog",Gilmore Girls,3
First Year,9,5,7,Right-handed,On your right side,"Cat, Dog",One Piece,3
Third Year,8,7,6,Right-handed,On your stomach,"Cat, Dog",Pretty Little Liars,3
Third Year,6,6,7.5,Right-handed,On your right side,"Cat, Dog","The Bear, Gilmore Girls",3
Third Year,6,1,6.5,Right-handed,On your left side,"Cat, Dog","The Last of Us, The Mandalorian",3
First Year,7,5,7,Right-handed,On your left side,"Cat, Dog",Black Mirror,4
Third Year,6,4,8,Right-handed,On your back,"Cat, Dog",None,4
Second Year,7,9,7,Right-handed,On your left side,"Cat, Dog",None,4
Third Year,7,3,7.5,Right-handed,On your back,"Cat, Dog","The Last of Us, Black Mirror",4
First Year,7,8,6,Right-handed,On your back,"Cat, Dog",None,5
First Year,7,5,9,Right-handed,On your left side,"Cat, Dog",None,5
Second Year,7,5,7,Right-handed,On your right side,"Cat, Dog",None,5
Third Year,5,4,7,Right-handed,On your right side,"Cat, Dog","Succession, The Bear",5
Second Year,4,15,8,Right-handed,On your stomach,"Cat, Dog",Black Mirror,6
Third Year,5,5,7,Right-handed,On your right side,"Cat, Dog","Black Mirror, The Mandalorian",6
Second Year,8,3,7,Right-handed,On your right side,"Cat, Dog","The Bear, Gilmore Girls",6
Second Year,7,5,7,Right-handed,On your stomach,"Cat, Dog",Pretty Little Liars ,7
First Year,3,6,8,Right-handed,On your right side,"Cat, Dog","The Last of Us, The Bear",8
Second Year,8,3,6,Right-handed,On your left side,"Cat, Dog",None,13
Second Year,4,4,8,Right-handed,On your right side,"Cat, Dog, Bird",Succession,0
First Year,1,1,8,Right-handed,On your back,"Cat, Dog, Bird",None,1
First Year,5,14,7,Right-handed,On your right side,"Cat, Dog, Bird",None,2
Second Year,4,10,8,Right-handed,On your left side,"Cat, Dog, Fish",None,0
First Year,7,5,7,Right-handed,On your left side,"Cat, Dog, Fish",Gilmore Girls,2
First Year,10,10,7,Right-handed,On your left side,"Cat, Dog, Fish, Lizard",None,2
First Year,2,4,8,Right-handed,On your right side,"Cat, Dog, Fish, Turtle, Rabbit, Snake, Bird, Hamster or Guinea Pig, Lizard","The Last of Us, Ahsoka, The Mandalorian",2
First Year,8,15,7,Right-handed,On your left side,"Cat, Dog, Rabbit",Breaking Bad,9
First Year,8,10,6.5,Right-handed,On your right side,"Cat, Dog, Turtle",None,0
First Year,4,3,8,Right-handed,On your right side,"Cat, Dog, Turtle, Rabbit",None,0
First Year,7,3,8,Right-handed,On your back,"Cat, Fish",None,0
Third Year,5,1,8,Right-handed,On your back,"Cat, Fish","Succession, Breaking Bad",0
First Year,7,7,5,Right-handed,On your right side,"Cat, Fish","The Last of Us, The Bear",0
Second Year,8,10,7,Right-handed,On your stomach,"Cat, Fish",Gilmore Girls,2
Second Year,6,3,7,Right-handed,On your right side,"Cat, Fish","None, the office",4
First Year,3,3,8,Right-handed,On your right side,"Cat, Fish, Alpacas",None,4
Fourth Year,8,4,8,Right-handed,On your stomach,"Cat, Fish, stick bug, chinchillas","The Last of Us, avatar the last airbender",4
First Year,3,2,5,Right-handed,On your right side,"Cat, Hamster or Guinea Pig",None,0
First Year,4,3,8,Right-handed,On your stomach,"Cat, Lizard, chickens",One Piece,0
First Year,4,3,5,Right-handed,On your right side,"Cat, Rabbit",None,2
First Year,5,-10,5,Right-handed,On your left side,"Cat, Snake, axolotl","The Last of Us, Ahsoka, Black Mirror, The Mandalorian, One Piece",0
Second Year,4,3,7,Right-handed,On your back,"Cat, Turtle","Ahsoka, The Mandalorian",0
First Year,8,4,6,Right-handed,On your stomach,"Cat, Turtle",One Piece,0
First Year,7,3,9,Right-handed,On your right side,"Cat, Turtle",Succession,0
Second Year,9,20,1,Right-handed,On your left side,Dog,"Ahsoka, The Mandalorian",0
First Year,8,10,8,Right-handed,On your right side,Dog,Arrested Development,0
Third Year,7,5,7,Right-handed,On your left side,Dog,Attack on Titan,0
First Year,5,4,6,Right-handed,On your back,Dog,Avatar The Last Airbender,0
Second Year,7,8,5,Right-handed,On your back,Dog,Black Mirror,0
First Year,7,3,8,Right-handed,On your back,Dog,Black Mirror,0
Second Year,6,6,8,Right-handed,On your back,Dog,Black Mirror,0
Second Year,7,15,7.5,Right-handed,On your left side,Dog,Black Mirror,0
First Year,3,3,8,Right-handed,On your left side,Dog,Black Mirror,0
First Year,4,6,8,Right-handed,On your left side,Dog,Black Mirror,0
First Year,8,7,8,Right-handed,On your left side,Dog,Black Mirror,0
First Year,4,2,6,Right-handed,On your right side,Dog,Black Mirror,0
Fourth Year,9,20,9,Right-handed,On your stomach,Dog,"Black Mirror, ",0
First Year,7,4,7,Right-handed,On your right side,Dog,"Black Mirror, None",0
Third Year,8,5,7,Right-handed,On your right side,Dog,"Black Mirror, Outter banks ",0
First Year,7,7,8,Right-handed,On your right side,Dog,"Black Mirror, The Mandalorian",0
First Year,7,20,8,Right-handed,On your back,Dog,Game of Thrones,0
First Year,8,8,6,Right-handed,On your left side,Dog,Gilmore Girls,0
First Year,8,5,7,Right-handed,On your left side,Dog,Gilmore Girls,0
Third Year,7,4,7,Right-handed,On your right side,Dog,Gilmore Girls,0
First Year,6,15,7,Right-handed,On your right side,Dog,Gilmore Girls,0
First Year,6,25,8,Right-handed,On your right side,Dog,Gilmore Girls,0
First Year,3,7,7,Right-handed,On your stomach,Dog,Gilmore Girls,0
First Year,6,4,7,Right-handed,On your left side,Dog,"Gilmore Girls, Criminal Minds",0
First Year,6,2,7,Right-handed,On your left side,Dog,Loki,0
First Year,3,5,7,Left-handed,On your right side,Dog,Modern Family,0
First Year,8,7,7,Left-handed,On your back,Dog,None,0
First Year,7,10,6,Right-handed,On your back,Dog,None,0
Third Year,5,1,7,Right-handed,On your back,Dog,None,0
First Year,5,4,7,Right-handed,On your back,Dog,None,0
First Year,3,5,7,Right-handed,On your back,Dog,None,0
First Year,3,5,7,Right-handed,On your back,Dog,None,0
First Year,1,6,7,Right-handed,On your back,Dog,None,0
First Year,3,10,7,Right-handed,On your back,Dog,None,0
First Year,4,5,8,Right-handed,On your back,Dog,None,0
First Year,8,5,8,Right-handed,On your back,Dog,None,0
Third Year,5,8,8,Right-handed,On your back,Dog,None,0
Third Year,8,15,8,Right-handed,On your back,Dog,None,0
Third Year,6,5,10,Right-handed,On your back,Dog,None,0
First Year,10,7,10,Right-handed,On your back,Dog,None,0
Second Year,5,2,5,Right-handed,On your left side,Dog,None,0
First Year,5,8,5,Right-handed,On your left side,Dog,None,0
First Year,3,1,6,Right-handed,On your left side,Dog,None,0
Second Year,4,3,6,Right-handed,On your left side,Dog,None,0
First Year,3,6,7,Right-handed,On your left side,Dog,None,0
First Year,4,8,7,Right-handed,On your left side,Dog,None,0
First Year,4,10,7,Right-handed,On your left side,Dog,None,0
First Year,7,10,7,Right-handed,On your left side,Dog,None,0
Second Year,5,3,8,Right-handed,On your left side,Dog,None,0
First Year,5,5,8,Right-handed,On your left side,Dog,None,0
First Year,5,5,8,Right-handed,On your left side,Dog,None,0
First Year,6,2,7,Left-handed,On your right side,Dog,None,0
Third Year,4,2,7,Right-handed,On your right side,Dog,None,0
First Year,5,5,7,Right-handed,On your right side,Dog,None,0
Fourth Year,6,5,7,Right-handed,On your right side,Dog,None,0
First Year,7,10,7,Right-handed,On your right side,Dog,None,0
First Year,7,7,7.5,Right-handed,On your right side,Dog,None,0
First Year,7,5,8,Right-handed,On your right side,Dog,None,0
Second Year,2,7,5,Ambidextrous,On your stomach,Dog,None,0
Third Year,4,2,7,Right-handed,On your back,Dog,One Piece,0
First Year,3,2,7,Right-handed,On your left side,Dog,One Piece,0
Third Year,5,2,7.5,Right-handed,On your left side,Dog,One Piece,0
First Year,5,3,6,Right-handed,On your right side,Dog,One Piece,0
First Year,6,8,8,Right-handed,On your stomach,Dog,One Piece,0
First Year,4,7,5,Right-handed,On your stomach,Dog,"One Piece, Breaking Bad",0
Third Year,6,3,7,Right-handed,On your back,Dog,One Punch Man,0
Second Year,6,3,7,Left-handed,On your right side,Dog,Parks and Recreation,0
First Year,5,5,8,Right-handed,On your back,Dog,Succession,0
Third Year,7,6,6,Right-handed,On your right side,Dog,"Succession, Ted Lasso, The Bear",0
First Year,7,10,7,Right-handed,On your left side,Dog,"Succession, The Fall of the House of Usher, Gilmore Girls",0
First Year,4,55,7,Right-handed,On your back,Dog,Suits,0
Third Year,8,3,7.5,Right-handed,On your left side,Dog,Suits,0
First Year,8,6,7,Right-handed,On your left side,Dog,Ted Lasso,0
First Year,6,15,8,Left-handed,On your right side,Dog,Ted Lasso,0
Second Year,6,15,7,Right-handed,On your right side,Dog,Ted Lasso,0
Second Year,6,8,8,Right-handed,On your right side,Dog,Ted Lasso,0
First Year,7,20,6,Left-handed,On your left side,Dog,"Ted Lasso, Gilmore Girls",0
First Year,7,12,7,Right-handed,On your right side,Dog,"Ted Lasso, The Office",0
Second Year,3,3,8,Right-handed,On your back,Dog,The Bear,0
Second Year,3,3,6,Right-handed,On your right side,Dog,The Bear,0
Third Year,7,5,10,Right-handed,On your back,Dog,The Hangover Trilogy,0
Third Year,3,4,6,Right-handed,On your back,Dog,The Last of Us,0
Second Year,6,6,6.5,Right-handed,On your back,Dog,The Last of Us,0
First Year,4,5,7,Right-handed,On your right side,Dog,The Last of Us,0
First Year,6,3,7.5,Right-handed,On your back,Dog,"The Last of Us, Black Mirror",0
Second Year,4,3,8,Right-handed,On your back,Dog,"The Last of Us, Black Mirror",0
Third Year,4,2,8,Right-handed,On your right side,Dog,"The Last of Us, Black Mirror, The Mandalorian, The Bear",0
Third Year,3,4,6,Right-handed,On your back,Dog,"The Last of Us, One Piece",0
Third Year,3,3,7,Left-handed,On your right side,Dog,"The Last of Us, One Piece",0
Second Year,8,10,8,Right-handed,On your back,Dog,The Mandalorian,0
First Year,8,15,9,Right-handed,On your back,Dog,The Mandalorian,0
First Year,8,15,7,Right-handed,On your right side,Dog,The Mandalorian,0
First Year,8,12,8,Right-handed,On your right side,Dog,The Mandalorian,0
First Year,3,15,8,Left-handed,On your stomach,Dog,The Mandalorian,0
Third Year,3,4,7,Right-handed,On your stomach,Dog,The Mandalorian,0
Second Year,3,4,7,Right-handed,On your stomach,Dog,"The Mandalorian, One Piece",0
First Year,8,5,6,Right-handed,On your right side,Dog,"The Mandalorian, One Piece, Ted Lasso",0
First Year,7,25,7,Right-handed,On your back,Dog,"The Mandalorian, Ted Lasso",0
First Year,5,15,6,Right-handed,On your stomach,Dog,"The Mandalorian, Ted Lasso",0
Second Year,7,5,6,Right-handed,On your back,Dog,Gilmore Girls,1
Second Year,2,50,5,Right-handed,On your left side,Dog,Gilmore Girls,1
First Year,8,16,9,Right-handed,On your right side,Dog,Gilmore Girls,1
Third Year,5,5,6,Right-handed,On your stomach,Dog,Gilmore Girls,1
First Year,7,6,7,Right-handed,On your left side,Dog,New Girl,1
First Year,3,10,7,Right-handed,On your back,Dog,None,1
First Year,3,4,7,Right-handed,On your right side,Dog,None,1
First Year,6,3,8,Right-handed,On your right side,Dog,None,1
First Year,9,20,9,Right-handed,On your right side,Dog,None,1
Second Year,2,2,4,Left-handed,On your back,Dog,"None, ",1
First Year,4,4,7.5,Right-handed,On your back,Dog,One Piece,1
Third Year,6,5,8,Right-handed,On your left side,Dog,One Piece,1
First Year,6,6,7,Right-handed,On your back,Dog,Only Murders In The Building,1
Fourth Year,3,3,8,Right-handed,On your back,Dog,The Bear,1
First Year,3,7,8,Left-handed,On your stomach,Dog,The Bear,1
Third Year,8,20,5,Right-handed,On your stomach,Dog,The Bear,1
Fourth Year,7,5,7,Right-handed,On your right side,Dog,The Last of Us,1
First Year,5,4,8,Right-handed,On your right side,Dog,abbot elementary,2
Second Year,5,3,6,Right-handed,On your right side,Dog,"Ahsoka, The Mandalorian",2
Fourth Year,6,4,6,Right-handed,On your back,Dog,Better Call Saul,2
First Year,8,5,6,Right-handed,On your back,Dog,Black Mirror,2
First Year,4,5,8,Right-handed,On your back,Dog,Black Mirror,2
First Year,8,12,9,Right-handed,On your back,Dog,Black Mirror,2
First Year,7,10,8,Right-handed,On your right side,Dog,Black Mirror,2
First Year,5,5,8,Right-handed,On your right side,Dog,"Black Mirror, Gilmore Girls",2
Third Year,4,5,7,Right-handed,On your right side,Dog,"Black Mirror, The Mandalorian",2
Second Year,7,4,9,Right-handed,On your stomach,Dog,Breaking Bad,2
Second Year,2,3,6,Right-handed,On your back,Dog,Gilmore Girls,2
First Year,9,5,6,Right-handed,On your back,Dog,Gilmore Girls,2
Second Year,8,6,6,Right-handed,On your back,Dog,Gilmore Girls,2
First Year,6,5,8,Right-handed,On your back,Dog,Gilmore Girls,2
First Year,3,5,6,Left-handed,On your left side,Dog,Gilmore Girls,2
First Year,6,15,6,Right-handed,On your left side,Dog,Gilmore Girls,2
First Year,3,6,4,Right-handed,On your right side,Dog,Gilmore Girls,2
Second Year,8,12,6,Right-handed,On your right side,Dog,Gilmore Girls,2
First Year,8,6,7,Right-handed,On your right side,Dog,Gilmore Girls,2
First Year,7,12,7,Right-handed,On your right side,Dog,Gilmore Girls,2
First Year,5,15,7,Right-handed,On your right side,Dog,Gilmore Girls,2
First Year,8,6,8,Right-handed,On your right side,Dog,Gilmore Girls,2
Fourth Year,4,12,6,Right-handed,On your stomach,Dog,Gilmore Girls,2
First Year,7,200,7,Right-handed,On your stomach,Dog,Gilmore Girls,2
Fourth Year,8,20,8,Right-handed,On your back,Dog,"Gilmore Girls, Breaking Bad",2
Second Year,4,6,4,Right-handed,On your left side,Dog,Grey's Anatomy,2
First Year,7,6,7,Right-handed,On your right side,Dog,New Girl,2
Third Year,2,2,6,Right-handed,On your back,Dog,None,2
Second Year,6,6,6,Right-handed,On your back,Dog,None,2
Third Year,6,2,6,Right-handed,On your left side,Dog,None,2
First Year,5,2,8,Right-handed,On your left side,Dog,None,2
First Year,8,12,8,Right-handed,On your left side,Dog,None,2
Third Year,5,2,6,Right-handed,On your right side,Dog,None,2
Second Year,4,2,7,Right-handed,On your right side,Dog,None,2
Third Year,5,3,7,Right-handed,On your right side,Dog,None,2
Fourth Year,6,4,7,Right-handed,On your right side,Dog,None,2
First Year,6,5,7,Right-handed,On your right side,Dog,None,2
First Year,4,6,8,Right-handed,On your right side,Dog,None,2
First Year,7,6,10,Left-handed,On your stomach,Dog,None,2
Second Year,5,2,6,Left-handed,On your right side,Dog,One Piece,2
First Year,5,4,7,Right-handed,On your right side,Dog,One Piece,2
Second Year,3,3,5,Right-handed,On your right side,Dog,Sex and the City,2
First Year,8,4,6,Right-handed,On your left side,Dog,Succession,2
First Year,5,8,6,Right-handed,On your right side,Dog,Succession,2
Third Year,2,2,7,Right-handed,On your left side,Dog,"Succession, Ted Lasso",2
Second Year,3,2,7,Right-handed,On your left side,Dog,Ted Lasso,2
First Year,4,3,7,Left-handed,On your back,Dog,The Bear,2
Third Year,7,11,6,Right-handed,On your stomach,Dog,The Bear,2
Second Year,8,6,7,Right-handed,On your back,Dog,The Last of Us,2
First Year,9,8,7,Right-handed,On your back,Dog,The Last of Us,2
Second Year,4,5,8,Right-handed,On your back,Dog,The Last of Us,2
Third Year,7,7,7,Right-handed,On your left side,Dog,The Last of Us,2
First Year,7,15,7,Right-handed,On your left side,Dog,The Last of Us,2
First Year,4,4,8,Right-handed,On your right side,Dog,The Last of Us,2
Third Year,8,10,9,Right-handed,On your right side,Dog,The Last of Us,2
Third Year,7,6,7,Left-handed,On your left side,Dog,"The Last of Us, Black Mirror",2
Second Year,6,4,7,Right-handed,On your stomach,Dog,"The Last of Us, One Piece, The Bear",2
Second Year,4,5,7,Right-handed,On your left side,Dog,"The Last of Us, Succession, The Fall of the House of Usher",2
First Year,7,10,6.5,Right-handed,On your right side,Dog,"The Last of Us, The Mandalorian",2
Fourth Year,7,10,9,Right-handed,On your back,Dog,The Mandalorian,2
First Year,7,10,7,Right-handed,On your left side,Dog,The Mandalorian,2
Second Year,4,9,7,Right-handed,On your right side,Dog,The Mandalorian,2
Third Year,4,8,8,Right-handed,On your stomach,Dog,The Mandalorian,2
First Year,3,2,8,Right-handed,On your left side,Dog,"The Mandalorian, Gilmore Girls",2
First Year,7,6,8,Right-handed,On your left side,Dog,"The Mandalorian, Gilmore Girls",2
Second Year,6,7,6,Right-handed,On your right side,Dog,"The Mandalorian, The Bear, Gilmore Girls",2
First Year,5,3,6,Right-handed,On your left side,Dog,The Vampire Diaries ,2
Third Year,4,10,8,Right-handed,On your left side,Dog,White Lotus,2
First Year,1,10,6,Right-handed,On your back,Dog,American Horror Story,3
First Year,2,10,7,Right-handed,On your right side,Dog,Black Mirror,3
First Year,4,5,9,Right-handed,On your right side,Dog,Black Mirror,3
First Year,7,8,6,Right-handed,On your left side,Dog,Gilmore Girls,3
Third Year,7,20,7,Right-handed,On your left side,Dog,Gilmore Girls,3
Second Year,6,7,8,Right-handed,On your stomach,Dog,Gilmore Girls,3
First Year,9,5,8,Right-handed,On your right side,Dog,Jujutsu Kaisen,3
First Year,7,15,8,Right-handed,On your right side,Dog,None,3
Second Year,3,4,6,Right-handed,On your stomach,Dog,None,3
First Year,5,8,7,Right-handed,On your left side,Dog,One Piece,3
First Year,5,4,8,Right-handed,On your right side,Dog,Succession,3
First Year,4,7,7,Right-handed,On your left side,Dog,Ted Lasso,3
First Year,9,4,7,Right-handed,On your right side,Dog,teen wolf,3
First Year,9,10,7,Right-handed,On your back,Dog,The Last of Us,3
Second Year,3,2,6,Right-handed,On your left side,Dog,"The Last of Us, Gilmore Girls, The Office, House of the Dragon ",3
First Year,8,10,6,Right-handed,On your back,Dog,"The Mandalorian, Ted Lasso",3
First Year,7,4,9,Left-handed,On your back,Dog,Black Mirror,4
First Year,5,5,7,Right-handed,On your right side,Dog,Black Mirror,4
Second Year,7,10,7,Right-handed,On your right side,Dog,Black Mirror,4
First Year,8,5,6,Right-handed,On your back,Dog,Full House,4
First Year,8,10,7,Right-handed,On your back,Dog,Gilmore Girls,4
First Year,5,5,7,Left-handed,On your left side,Dog,Gilmore Girls,4
Second Year,4,3,8,Right-handed,On your left side,Dog,Gilmore Girls,4
First Year,7,20,5,Right-handed,On your right side,Dog,Gilmore Girls,4
Third Year,4,10,6,Right-handed,On your right side,Dog,Gilmore Girls,4
First Year,7,5,10,Right-handed,On your right side,Dog,Gilmore Girls,4
Third Year,4,7,7,Right-handed,On your stomach,Dog,Gilmore Girls,4
First Year,3,0,9,Right-handed,On your stomach,Dog,"Gilmore Girls, Grey's Anatomy",4
First Year,4,6,8,Right-handed,On your right side,Dog,"Gilmore Girls, Greys Anatomy",4
First Year,7,6,7,Right-handed,On your right side,Dog,Grey's Anatomy,4
First Year,4,3,7,Right-handed,On your left side,Dog,None,4
Second Year,4,20,8,Right-handed,On your left side,Dog,None,4
First Year,7,7,6,Right-handed,On your right side,Dog,None,4
Second Year,7,15,8,Right-handed,On your right side,Dog,None,4
First Year,6,15,6,Right-handed,On your right side,Dog,One Piece,4
Third Year,7,3,6,Right-handed,On your back,Dog,Succession,4
Fifth Year or above,4,3,8,Right-handed,On your right side,Dog,"Succession, Gilmore Girls",4
Fourth Year,5,2,7,Right-handed,On your right side,Dog,"Succession, Ted Lasso",4
Second Year,6,4,7,Right-handed,On your back,Dog,Ted Lasso,4
First Year,8,3,7,Right-handed,On your right side,Dog,Ted Lasso,4
Third Year,3,5,7,Right-handed,On your right side,Dog,Ted Lasso,4
First Year,7,10,7,Right-handed,On your stomach,Dog,Ted Lasso,4
Second Year,7,20,8,Right-handed,On your stomach,Dog,The Bear,4
First Year,4,4,7,Left-handed,On your left side,Dog,The Last of Us,4
Second Year,8,3,8,Right-handed,On your right side,Dog,"The Last of Us, One Piece, Ted Lasso",4
Second Year,7,5,7,Right-handed,On your right side,Dog,"The Last of Us, The Mandalorian, Supernatural",4
Third Year,7,5,5,Right-handed,On your stomach,Dog,"The Mandalorian, Gilmore Girls",4
First Year,4,3,9,Right-handed,On your right side,Dog,"The Mandalorian, The Bear, Gilmore Girls",4
Second Year,6,6,8,Right-handed,On your left side,Dog,Black Mirror,5
Third Year,4,3,9,Right-handed,On your right side,Dog,Black Mirror,5
First Year,8,10,6,Right-handed,On your right side,Dog,Gilmore Girls,5
First Year,7,15,8,Right-handed,On your stomach,Dog,Gilmore Girls,5
First Year,6,5,8,Left-handed,On your back,Dog,None,5
Second Year,4,4,6,Right-handed,On your right side,Dog,None,5
First Year,3,5,8,Right-handed,On your right side,Dog,None,5
First Year,6,4,7,Right-handed,On your stomach,Dog,Shameless,5
First Year,8,7,6,Right-handed,On your left side,Dog,"Succession, The Bear, Gilmore Girls, criminal minds",5
First Year,5,7,9,Right-handed,On your right side,Dog,"The Bear, Gilmore Girls",5
Second Year,5,7,8,Right-handed,On your stomach,Dog,"The Bear, Gilmore Girls",5
Third Year,4,1,6,Right-handed,On your stomach,Dog,"The Fall of the House of Usher, Gilmore Girls",5
First Year,7,4,6,Left-handed,On your back,Dog,Vampire Diaries,5
Third Year,4,2,10,Right-handed,On your stomach,Dog,Black Mirror,6
Fourth Year,3,4,5,Right-handed,On your left side,Dog,FullMetal Alchemist Brotherhood,6
Second Year,5,3,7,Right-handed,On your right side,Dog,"None, attack on titan",6
Second Year,5,3,7,Right-handed,On your stomach,Dog,"One Piece, Gilmore Girls",6
Third Year,7,10,7,Right-handed,On your right side,Dog,"The Fall of the House of Usher, The office",6
First Year,7,3,7,Right-handed,On your left side,Dog,"The Last of Us, The Mandalorian",6
Second Year,3,4,7,Right-handed,On your right side,Dog,Black Mirror,7
First Year,7,3,8,Right-handed,On your stomach,Dog,None,7
Third Year,4,2,6,Right-handed,On your right side,Dog,"The Last of Us, One Piece, The Bear",7
Second Year,3,5,7,Right-handed,On your back,Dog,Black Mirror,8
Third Year,5,9,6.5,Right-handed,On your left side,Dog,criminal minds ,8
First Year,6,12,8,Right-handed,On your right side,Dog,Gilmore Girls,8
Third Year,2,5,6,Right-handed,On your left side,Dog,Law and Order SVU,8
Second Year,5,10,8,Right-handed,On your back,Dog,New Girl,8
Second Year,6,5,6,Right-handed,On your back,Dog,None,8
Second Year,4,3,8,Right-handed,On your right side,Dog,"One Piece, Gilmore Girls",8
First Year,7,20,7,Right-handed,On your left side,Dog,Ted Lasso,8
Second Year,7,3,6,Right-handed,On your stomach,Dog,New Girl,9
Fourth Year,4,6,8,Right-handed,On your left side,Dog,The Bear,9
Second Year,3,5,6,Right-handed,On your stomach,Dog,"The Last of Us, Black Mirror",9
Third Year,5,4,8,Right-handed,On your left side,Dog,Gilmore Girls,12
Second Year,10,7,6,Right-handed,On your left side,Dog,"Ahsoka, The Mandalorian",14
Third Year,4,5,6,Right-handed,On your right side,Dog,"Black Mirror, Ted Lasso, The Bear",14
Third Year,4,4,7,Right-handed,On your right side,Dog,Gilmore Girls,15
Second Year,7,3,5,Right-handed,On your back,"Dog, Bird","The Last of Us, Gilmore Girls",0
Second Year,8,14,7.5,Right-handed,On your right side,"Dog, Bird",Black Mirror,10
First Year,4,2,7,Right-handed,On your right side,"Dog, Fish",Brooklyn 99,0
First Year,5,4,8,Right-handed,On your left side,"Dog, Fish",None,0
Third Year,1,1,6,Right-handed,On your right side,"Dog, Fish",None,0
Fourth Year,8,5,8,Right-handed,On your back,"Dog, Fish",Ted Lasso,0
First Year,6,11,7,Right-handed,On your right side,"Dog, Fish",Ted Lasso,0
Third Year,3,5,8,Right-handed,On your back,"Dog, Fish","The Last of Us, Black Mirror",0
Second Year,8,1,2,Left-handed,On your back,"Dog, Fish",The Mandalorian,0
First Year,7,3,5,Left-handed,On your back,"Dog, Fish",None,1
Third Year,8,10,8,Right-handed,On your left side,"Dog, Fish",Gilmore Girls,2
First Year,4,10,7,Right-handed,On your right side,"Dog, Fish",None,2
Second Year,4,4,7,Right-handed,On your right side,"Dog, Fish",One Piece,2
First Year,6,3,7,Right-handed,On your stomach,"Dog, Fish","The Mandalorian, Gilmore Girls",2
First Year,3,6,7,Right-handed,On your right side,"Dog, Fish",The Last of Us,3
Second Year,8,20,8,Right-handed,On your right side,"Dog, Fish",Black Mirror,4
Fourth Year,3,3,7,Left-handed,On your back,"Dog, Fish",Black Mirror,6
Second Year,2,12,8,Right-handed,On your left side,"Dog, Fish, Bird",None,0
First Year,6,8,7,I can write with both but my right hand is much better.,On your right side,"Dog, Fish, Bird","The Last of Us, Ahsoka, The Mandalorian",4
Third Year,5,6,8,Right-handed,On your right side,"Dog, Fish, horse",None,5
Second Year,3,2,8,Right-handed,On your right side,"Dog, Fish, Lizard",Gilmore Girls,0
Third Year,6,6,7,Right-handed,On your back,"Dog, Fish, Lizard","Succession, One Piece",0
First Year,7,10,7,Right-handed,On your back,"Dog, Fish, Turtle",None,4
Second Year,7,30,6,Right-handed,On your back,"Dog, Fish, Turtle, Frog",One Piece,0
First Year,7,17,5,Right-handed,On your stomach,"Dog, Goats, chickens ","Black Mirror, Gilmore Girls",2
First Year,3,8,8,Right-handed,On your right side,"Dog, Hamster or Guinea Pig",Better Call Soul,0
First Year,3,2,7,Left-handed,On your left side,"Dog, Hamster or Guinea Pig",Succession,0
First Year,8,4,7,Right-handed,On your back,"Dog, Hamster or Guinea Pig, horse",None,2
First Year,7,8,8,Right-handed,On your left side,"Dog, horse",Gilmore Girls,4
Fourth Year,8,10,5,Right-handed,On your right side,"Dog, Jumping Spider","Ted Lasso, Gilmore Girls, Game of Thrones ",10
Third Year,6,10,7,Right-handed,On your right side,"Dog, Lizard",One Piece,0
Third Year,3,5,7,Right-handed,On your left side,"Dog, Lizard",None,5
First Year,4,3,7,Right-handed,On your stomach,"Dog, Rabbit",None,0
First Year,8,10,6.5,Right-handed,On your back,"Dog, Rabbit",None,4
First Year,3,3,8,Right-handed,On your left side,"Dog, Turtle",The Mandalorian,0
Third Year,7,10,7,Right-handed,On your stomach,"Dog, Turtle",Gossip Girl,4
Third Year,8,4,5,Left-handed,On your right side,"Dog, Wombat ","Black Mirror, One Piece",5
Second Year,3,2,7,Left-handed,On your left side,Duck,Gilmore Girls,4
First Year,5,5,7,Right-handed,On your left side,Fish,"Ahsoka, The Mandalorian",0
First Year,6,8,7,Right-handed,On your left side,Fish,Black Mirror,0
First Year,5,5,8,Right-handed,On your left side,Fish,Friends,0
First Year,7,6,6,Right-handed,On your back,Fish,None,0
First Year,8,30,5,Left-handed,On your left side,Fish,One Piece,0
First Year,5,4,6,Right-handed,On your back,Fish,The Bear,0
Fourth Year,4,3,7,Right-handed,On your left side,Fish,The Mandalorian,0
Third Year,5,2,4,Right-handed,On your right side,Fish,The Mandalorian,1
Third Year,5,8,6,Right-handed,On your left side,Fish,None,2
First Year,4,2,7,Right-handed,On your left side,Fish,None,2
Second Year,5,12,8,Right-handed,On your right side,Fish,Ted Lasso,2
Second Year,7,7,5,Right-handed,On your back,Fish,None,4
Fourth Year,3,8,7,Right-handed,On your right side,Fish,None,4
Second Year,4,5,6,Right-handed,On your left side,Fish,The Inbetweeners,4
First Year,7,8,7,Right-handed,On your right side,"Fish, Bird",Black Mirror,2
Third Year,6,12,7,Right-handed,On your left side,"Fish, Rabbit",None,0
First Year,4,8,7,Right-handed,On your back,"Fish, Rabbit","Gilmore Girls, Breaking Bad",2
Second Year,3,5,7,Right-handed,On your right side,"Fish, Turtle",None,2
First Year,6,4,9,Right-handed,On your left side,"Fish, Turtle, Bird",Gilmore Girls,7
First Year,5,3,7,Right-handed,On your back,Giraffe,None,0
First Year,5,5,7,Right-handed,On your stomach,Hamster or Guinea Pig,Arcane,0
Second Year,4,1,8,Right-handed,On your right side,Hamster or Guinea Pig,"The Mandalorian, Ted Lasso",0
Second Year,3,2,7,Right-handed,On your back,Hamster or Guinea Pig,"One Piece, The Bear",2
First Year,5,7,9,Right-handed,On your right side,Hamster or Guinea Pig,"The Big Bang Theory, How I Met Your Mother, Modern Family...",2
First Year,6,10,8,Right-handed,On your left side,Lizard,One Piece,0
First Year,9,18,8,Right-handed,On your back,Lizard,Ted Lasso,0
Third Year,6,7,7,Right-handed,On your stomach,Lizard,Succession,79
First Year,5,4,7.5,Right-handed,On your back,my younger brother,One Piece,0
First Year,5,30,6,Right-handed,On your right side,myself,None,-1
First Year,3,2,7,Right-handed,On your back,None,Ahsoka,0
Third Year,3,4,7,Right-handed,On your right side,None,"Ahsoka, One Piece",0
First Year,4,4,7.5,Right-handed,On your right side,None,"Ahsoka, One Piece",0
Third Year,2,5,8,Right-handed,On your back,None,"Ahsoka, The Mandalorian",0
First Year,7,15,8,Right-handed,On your back,None,"Ahsoka, The Mandalorian",0
First Year,7,5,6,Right-handed,On your left side,None,"Ahsoka, The Mandalorian",0
Third Year,7,3,8,Right-handed,On your left side,None,"Ahsoka, The Mandalorian",0
Third Year,2,5,8,Right-handed,On your right side,None,"Ahsoka, The Mandalorian, The Fall of the House of Usher",0
First Year,3,3,8,Right-handed,On your back,None,Arcane,0
Third Year,2,2,8,Right-handed,On your left side,None,Avatar: The Last Airbender,0
First Year,3,6,7,Right-handed,On your stomach,None,Avatar: The Last Airbender,0
First Year,6,2,7,Cross-dominant,On your back,None,Better Call Saul,0
First Year,6,4,8,Left-handed,On your back,None,Black Mirror,0
First Year,3,2,7,Right-handed,On your back,None,Black Mirror,0
Third Year,8,3,7,Right-handed,On your left side,None,Black Mirror,0
First Year,3,3,5,Right-handed,On your right side,None,Black Mirror,0
Third Year,8,8,7,Right-handed,On your right side,None,Black Mirror,0
First Year,3,1,8,Right-handed,On your right side,None,Black Mirror,0
Third Year,6,6,7,Left-handed,On your stomach,None,Black Mirror,0
Third Year,3,2,7,Right-handed,On your stomach,None,Black Mirror,0
First Year,8,10,9,Right-handed,On your stomach,None,Black Mirror,0
First Year,6,10,9,Right-handed,On your back,None,"Black Mirror, One Piece",0
First Year,8,4,4,Right-handed,On your right side,None,"Black Mirror, One Piece",0
First Year,7,5,8,Right-handed,On your back,None,"Black Mirror, One Piece, Gilmore Girls",0
First Year,7,30,8,Right-handed,On your left side,None,"Black Mirror, Ted Lasso, Gilmore Girls",0
First Year,9,5,8,Right-handed,On your right side,None,"Black Mirror, The Mandalorian",0
First Year,6,5,7,Right-handed,On your back,None,"Black Mirror, The Mandalorian, One Piece",0
First Year,7,10,8,Left-handed,On your back,None,Breaking Bad,0
Second Year,3,7,6,Right-handed,On your right side,None,Breaking Bad,0
First Year,5,4,8,Right-handed,On your right side,None,Breaking Bad,0
Second Year,7,15,10,Right-handed,On your stomach,None,Game of Thrones,0
Second Year,4,7,6,Right-handed,On your back,None,Gilmore Girls,0
First Year,4,2,7,Right-handed,On your back,None,Gilmore Girls,0
First Year,7,6,7,Right-handed,On your back,None,Gilmore Girls,0
Second Year,8,7,7,Right-handed,On your back,None,Gilmore Girls,0
First Year,9,20,7.5,Right-handed,On your back,None,Gilmore Girls,0
First Year,5,5,6,Right-handed,On your left side,None,Gilmore Girls,0
First Year,8,4,8,Right-handed,On your left side,None,Gilmore Girls,0
First Year,3,2,8,Right-handed,On your right side,None,Gilmore Girls,0
Second Year,8,6,7,Right-handed,On your stomach,None,Gilmore Girls,0
Third Year,8,10,7,Right-handed,On your left side,None,Jane the Virgin ,0
First Year,4,5,7,Left-handed,On your right side,None,Midnight Diners,0
First Year,6,5,6,Right-handed,On your back,None,Neon Genesis Evangelion,0
First Year,4,20,8,Right-handed,On your back,None,Never Have I Ever,0
First Year,4,4,8,Left-handed,On your back,None,None,0
Fourth Year,3,0,3,Right-handed,On your back,None,None,0
First Year,8,2,6,Right-handed,On your back,None,None,0
Second Year,4,3,6,Right-handed,On your back,None,None,0
Third Year,4,3,6,Right-handed,On your back,None,None,0
Second Year,3,5,6,Right-handed,On your back,None,None,0
Third Year,4,5,6,Right-handed,On your back,None,None,0
Third Year,3,2,7,Right-handed,On your back,None,None,0
Third Year,5,2,7,Right-handed,On your back,None,None,0
First Year,3,5,7,Right-handed,On your back,None,None,0
First Year,4,5,7,Right-handed,On your back,None,None,0
First Year,4,5,7,Right-handed,On your back,None,None,0
First Year,7,6,7,Right-handed,On your back,None,None,0
First Year,6,10,7,Right-handed,On your back,None,None,0
First Year,3,3,7.5,Right-handed,On your back,None,None,0
First Year,2,2,8,Right-handed,On your back,None,None,0
First Year,6,5,8,Right-handed,On your back,None,None,0
First Year,7,5,8,Right-handed,On your back,None,None,0
First Year,8,5,8,Right-handed,On your back,None,None,0
First Year,3,6,8.5,Right-handed,On your back,None,None,0
First Year,3,8,9,Right-handed,On your back,None,None,0
Fourth Year,5,4,6,Left-handed,On your left side,None,None,0
Second Year,3,3,7,Left-handed,On your left side,None,None,0
First Year,9,2,5,Right-handed,On your left side,None,None,0
First Year,7,10,5,Right-handed,On your left side,None,None,0
First Year,6,1,6,Right-handed,On your left side,None,None,0
Third Year,8,5,6,Right-handed,On your left side,None,None,0
Fourth Year,2,2,7,Right-handed,On your left side,None,None,0
Third Year,3,3,7,Right-handed,On your left side,None,None,0
Second Year,5,3,7,Right-handed,On your left side,None,None,0
First Year,5,4,7,Right-handed,On your left side,None,None,0
First Year,3,5,7,Right-handed,On your left side,None,None,0
First Year,3,5,7,Right-handed,On your left side,None,None,0
Second Year,4,5,7,Right-handed,On your left side,None,None,0
First Year,5,3,7.5,Right-handed,On your left side,None,None,0
Third Year,3,3,8,Right-handed,On your left side,None,None,0
Third Year,3,3,8,Right-handed,On your left side,None,None,0
Fourth Year,3,20,8,Right-handed,On your left side,None,None,0
Second Year,3,3,8,Left-handed,On your right side,None,None,0
First Year,4,2,6,Right-handed,On your right side,None,None,0
First Year,6,7,6,Right-handed,On your right side,None,None,0
First Year,2,5,6.5,Right-handed,On your right side,None,None,0
Third Year,6,2,7,Right-handed,On your right side,None,None,0
First Year,3,4,7,Right-handed,On your right side,None,None,0
Fourth Year,6,6,7,Right-handed,On your right side,None,None,0
First Year,7,6,7,Right-handed,On your right side,None,None,0
First Year,8,10,7,Right-handed,On your right side,None,None,0
Third Year,2,1,8,Right-handed,On your right side,None,None,0
First Year,3,5,8,Right-handed,On your right side,None,None,0
Third Year,4,5,8,Right-handed,On your right side,None,None,0
Fourth Year,5,6,8,Right-handed,On your right side,None,None,0
Third Year,3,8,8,Right-handed,On your right side,None,None,0
Third Year,2,1,9,Right-handed,On your right side,None,None,0
Second Year,4,3,4,Right-handed,On your stomach,None,None,0
First Year,4,3,7,Right-handed,On your stomach,None,None,0
First Year,4,6,7,Right-handed,On your stomach,None,None,0
Second Year,5,4,8,Right-handed,On your stomach,None,None,0
Second Year,3,5,8,Right-handed,On your stomach,None,None,0
Third Year,1,8,8,Right-handed,On your stomach,None,None,0
First Year,8,9,8,Right-handed,On your stomach,None,None,0
First Year,4,10,8,Right-handed,On your stomach,None,None,0
First Year,8,10,8,Right-handed,On your stomach,None,None,0
Second Year,7,6,8,Right-handed,On your right side,None,"None, ",0
First Year,8,5,6,Right-handed,On your left side,None,"None, Breaking Bad",0
First Year,4,5,5,Left-handed,On your back,None,One Piece,0
Third Year,3,2,6,Right-handed,On your back,None,One Piece,0
Second Year,6,1,7,Right-handed,On your back,None,One Piece,0
Second Year,3,2,7,Right-handed,On your back,None,One Piece,0
First Year,3,3,7,Right-handed,On your back,None,One Piece,0
First Year,4,3,7,Right-handed,On your back,None,One Piece,0
Third Year,5,3,7,Right-handed,On your back,None,One Piece,0
First Year,5,5,7,Right-handed,On your back,None,One Piece,0
First Year,8,7,7,Right-handed,On your back,None,One Piece,0
Second Year,7,15,7,Right-handed,On your back,None,One Piece,0
Second Year,5,3,8,Right-handed,On your back,None,One Piece,0
Third Year,5,2,7,Left-handed,On your left side,None,One Piece,0
Third Year,5,4,7,Right-handed,On your left side,None,One Piece,0
First Year,4,5,7,Right-handed,On your left side,None,One Piece,0
First Year,8,9,7,Right-handed,On your left side,None,One Piece,0
Fourth Year,6,2,8,Right-handed,On your left side,None,One Piece,0
Second Year,7,3,8,Right-handed,On your left side,None,One Piece,0
Second Year,6,5,8,Right-handed,On your left side,None,One Piece,0
First Year,4,10,6,Right-handed,On your right side,None,One Piece,0
First Year,6,3,7,Right-handed,On your right side,None,One Piece,0
Third Year,6,3,7,Right-handed,On your right side,None,One Piece,0
First Year,5,4,7.5,Right-handed,On your right side,None,One Piece,0
First Year,6,6,8,Right-handed,On your right side,None,One Piece,0
First Year,7,9,7,Right-handed,On your right side,None,"One Piece, Breaking Bad (why is this not an option) ",0
Third Year,3,3,7,Right-handed,On your back,None,"One Piece, Evangelion",0
Third Year,4,2,6,Right-handed,On your right side,None,Shameless,0
First Year,6,5,7,Right-handed,On your left side,None,Sherlock,0
Second Year,1,3,7,Right-handed,On your left side,None,Singles Inferno,0
First Year,8,5,7,Right-handed,On your back,None,Stranger Things,0
First Year,4,5,7,Right-handed,On your back,None,Succession,0
First Year,5,8,8,Right-handed,On your back,None,Succession,0
First Year,5,2,8,Left-handed,On your right side,None,Succession,0
First Year,6,4,8,Right-handed,On your right side,None,Succession,0
First Year,5,5,6,Left-handed,On your stomach,None,Succession,0
First Year,7,10,7,Right-handed,On your stomach,None,Succession,0
First Year,5,5,8,Right-handed,On your stomach,None,Succession,0
Third Year,5,0,8,Left-handed,On your back,None,"Succession, Black Mirror",0
First Year,9,11,6.5,Right-handed,On your back,None,Suits,0
First Year,8,7,7,Right-handed,On your right side,None,SWAT,0
Third Year,4,5,7,Right-handed,On your right side,None,Ted Lasso,0
First Year,4,2,9,Right-handed,On your right side,None,Ted Lasso,0
First Year,5,15,8,Right-handed,On your stomach,None,Ted Lasso,0
Second Year,4,3,6,Right-handed,On your back,None,The Bear,0
Second Year,7,4,7,Right-handed,On your back,None,The Bear,0
Fourth Year,8,8,7,Right-handed,On your left side,None,The Bear,0
Fourth Year,7,3,6,Right-handed,On your right side,None,The Bear,0
Third Year,9,3,9,Right-handed,On your back,None,The boys,0
First Year,3,10,7,Right-handed,On your back,None,The Last of Us,0
Third Year,4,3,8,Right-handed,On your left side,None,The Last of Us,0
Third Year,3,5,6,Right-handed,On your right side,None,The Last of Us,0
Second Year,4,1,7,Right-handed,On your right side,None,The Last of Us,0
First Year,7,10,8,Right-handed,On your right side,None,The Last of Us,0
First Year,7,10,7.5,Right-handed,On your back,None,"The Last of Us, Ahsoka, The Mandalorian",0
First Year,9,10,6,Right-handed,On your left side,None,"The Last of Us, Black Mirror",0
Third Year,6,5,7,Right-handed,On your back,None,"The Last of Us, Black Mirror, The Mandalorian",0
Fourth Year,5,3,6,Right-handed,On your left side,None,"The Last of Us, Black Mirror, The Mandalorian, The Fall of the House of Usher, Grey's Anatomy ",0
First Year,5,6,8,Right-handed,On your back,None,"The Last of Us, Succession, Black Mirror, One Piece",0
Second Year,8,5,7,Right-handed,On your right side,None,"The Last of Us, Succession, Black Mirror, One Piece",0
First Year,5,8,6,Right-handed,On your back,None,"The Last of Us, The Mandalorian",0
First Year,6,3,8,Right-handed,On your right side,None,"The Last of Us, The Mandalorian",0
Second Year,7,3,8,Right-handed,On your stomach,None,"The Last of Us, The Mandalorian, Percy Jackson and the Olympians, Young Sheldon, Berlin",0
Second Year,7,6,7,Right-handed,On your back,None,The Mandalorian,0
First Year,4,4,7,Right-handed,On your right side,None,The Mandalorian,0
First Year,6,10,7,Right-handed,On your right side,None,The Mandalorian,0
First Year,4,6,8,Right-handed,On your right side,None,The Mandalorian,0
First Year,6,6,8,Right-handed,On your right side,None,The Mandalorian,0
First Year,3,2,8,Right-handed,On your left side,None,"The Mandalorian, Better Call Saul",0
First Year,4,9,8,Ambidexterous,On your stomach,None,"The Mandalorian, One Piece",0
First Year,7,15,7,Right-handed,On your stomach,None,"The Mandalorian, One Piece, Gilmore Girls",0
Third Year,6,4,7,Right-handed,On your right side,None,This is us,0
Third Year,7,14,6,Right-handed,On your left side,None,White Collar,0
First Year,3,8,7,Left-handed,On your stomach,None,Yu Yu Hakusho,0
Second Year,8,5,8,Right-handed,On your stomach,None,Black Mirror,1
First Year,4,6,6,Right-handed,On your left side,None,Gilmore Girls,1
Second Year,5,15,6,Right-handed,On your left side,None,Gilmore Girls,1
First Year,7,2,7,Right-handed,On your right side,None,Gilmore Girls,1
Third Year,7,5,6,Right-handed,On your back,None,Grey's Anatomy ,1
First Year,5,6,8,Right-handed,On your back,None,None,1
First Year,4,5,6,Left-handed,On your left side,None,None,1
First Year,5,4,4.5,Right-handed,On your left side,None,None,1
Second Year,4,4,8,Left-handed,On your right side,None,None,1
Second Year,5,7,7,Right-handed,On your right side,None,None,1
First Year,3,0,6,Right-handed,On your back,None,One Piece,1
First Year,8,6,8,Right-handed,On your back,None,One Piece,1
Fourth Year,5,3,8,Right-handed,On your left side,None,One Piece,1
Fourth Year,3,5,7.5,Right-handed,On your right side,None,One Piece,1
First Year,8,10,8,Left-handed,On your back,None,Spongebob,1
First Year,7,5,7,Right-handed,On your left side,None,Ted Lasso,1
Third Year,1,1,6,Right-handed,On your stomach,None,Ted Lasso,1
First Year,4,6,8,Right-handed,On your back,None,The Apothecary Diaries,1
First Year,8,6,7.5,Right-handed,On your right side,None,The Big Bang Theory,1
First Year,2,2,7,Right-handed,On your left side,None,"The Last of Us, Gilmore Girls",1
Second Year,4,1,5,Right-handed,On your right side,None,"The Last of Us, One Piece, The Bear",1
Second Year,6,5,7,Right-handed,On your stomach,None,"The Mandalorian, Gilmore Girls",1
First Year,7,4,8,Right-handed,On your left side,None,The White Lotus,1
Second Year,6,3,7,Right-handed,On your right side,None,abbott elementary,2
Third Year,4,4,5,Right-handed,On your back,None,"Ahsoka, The Mandalorian, One Piece, Korean Dramas",2
First Year,3,4,7,Right-handed,On your stomach,None,Avatar the Last Airbender,2
Third Year,6,3,7,Right-handed,On your back,None,Black Mirror,2
Second Year,9,5,8,Right-handed,On your back,None,Black Mirror,2
Fourth Year,6,2,8,Right-handed,On your left side,None,Black Mirror,2
Third Year,6,5,6,Right-handed,On your right side,None,Black Mirror,2
First Year,4,3,7,Right-handed,On your right side,None,Black Mirror,2
First Year,7,3,8,Right-handed,On your right side,None,Black Mirror,2
First Year,3,5,8,Right-handed,On your right side,None,Black Mirror,2
First Year,7,10,8,Right-handed,On your right side,None,Black Mirror,2
First Year,8,34,10,Right-handed,On your right side,None,Black Mirror,2
First Year,7,7,8,Right-handed,On your stomach,None,Black Mirror,2
Third Year,9,40,8,Right-handed,On your stomach,None,Black Mirror,2
Fourth Year,3,7,7,Right-handed,On your left side,None,"Black Mirror, Gilmore Girls",2
First Year,6,8,6,Right-handed,On your right side,None,"Black Mirror, Gilmore Girls",2
Third Year,6,5,7,Right-handed,On your back,None,"Black Mirror, Modern Family; Criminal Minds",2
Second Year,4,2,7.5,Right-handed,On your back,None,"Black Mirror, Money Heist, Queen's Gambit, Breaking Bad",2
First Year,8,6,8,Right-handed,On your left side,None,Brooklyn 99,2
First Year,3,10,6,Right-handed,On your left side,None,Crash Landing on You (kdrama),2
Second Year,3,4,6,Right-handed,On your right side,None,Friends,2
First Year,4,2,7,Left-handed,On your back,None,Gilmore Girls,2
Second Year,7,15,5,Right-handed,On your back,None,Gilmore Girls,2
First Year,3,6,5,Right-handed,On your left side,None,Gilmore Girls,2
Second Year,4,5,6,Right-handed,On your left side,None,Gilmore Girls,2
Second Year,4,3,7,Right-handed,On your left side,None,Gilmore Girls,2
First Year,6,7,7,Right-handed,On your left side,None,Gilmore Girls,2
First Year,6,8,7,Right-handed,On your left side,None,Gilmore Girls,2
First Year,5,4,8,Right-handed,On your left side,None,Gilmore Girls,2
Second Year,3,4,7,Right-handed,On your right side,None,Gilmore Girls,2
Second Year,4,20,4,Right-handed,On your stomach,None,Gilmore Girls,2
First Year,6,15,7,Right-handed,On your stomach,None,Gilmore Girls,2
Second Year,7,10,6,Right-handed,On your back,None,"Gilmore Girls, Gossip Girl",2
Second Year,5,4,5,Right-handed,On your right side,None,"Gilmore Girls, Shameless",2
Second Year,7,5,8,Right-handed,On your back,None,Gossip Girl ,2
First Year,8,5,6,Right-handed,On your right side,None,gossip girls,2
Third Year,7,10,8,Right-handed,On your back,None,Invincible,2
First Year,8,3,7,Left-handed,On your back,None,None,2
Third Year,8,5,3,Right-handed,On your back,None,None,2
Second Year,2,6,7,Right-handed,On your back,None,None,2
First Year,8,6,7,Right-handed,On your back,None,None,2
First Year,8,4,8,Right-handed,On your back,None,None,2
First Year,7,5,8,Right-handed,On your back,None,None,2
First Year,5,6,8,Right-handed,On your back,None,None,2
First Year,8,1,6,Right-handed,On your left side,None,None,2
Fourth Year,5,6,6,Right-handed,On your left side,None,None,2
First Year,6,10,7,Right-handed,On your left side,None,None,2
Third Year,1,3,10,Right-handed,On your left side,None,None,2
First Year,8,15,8,Left-handed,On your right side,None,None,2
Second Year,2,0,6,Right-handed,On your right side,None,None,2
Second Year,6,5,7,Right-handed,On your right side,None,None,2
Third Year,7,5,7,Right-handed,On your right side,None,None,2
First Year,6,8,7,Right-handed,On your right side,None,None,2
First Year,6,5,7.5,Right-handed,On your right side,None,None,2
First Year,8,4,8,Right-handed,On your right side,None,None,2
Third Year,5,5,8,Right-handed,On your right side,None,None,2
Second Year,6,5,8,Right-handed,On your right side,None,None,2
Fourth Year,3,2,7,Left-handed,On your stomach,None,None,2
Graduate Student,4,2,5,Right-handed,On your stomach,None,None,2
Second Year,8,10,7,Right-handed,On your stomach,None,None,2
First Year,7,6,7,Right-handed,On your back,None,Office,2
First Year,7,6,7,Left-handed,On your left side,None,One Piece,2
First Year,7,5,6.5,Right-handed,On your left side,None,One Piece,2
First Year,3,15,6,Right-handed,On your left side,None,"One Piece, Gilmore Girls",2
First Year,9,10,7,Right-handed,On your left side,None,Peaky Blinders,2
Second Year,7,7,6,Right-handed,On your stomach,None,"Steven Universe, Modern Family",2
First Year,7,4,8,Right-handed,On your right side,None,"Succession, Gilmore Girls",2
First Year,7,12,8,Left-handed,On your left side,None,Suits,2
Second Year,7,7,8,Left-handed,On your back,None,"Ted Lasso, Gilmore Girls",2
Fourth Year,4,5,6,Left-handed,On your back,None,The Bear,2
First Year,7,5,8,Right-handed,On your left side,None,The Bear,2
First Year,3,15,8,Right-handed,On your right side,None,The Bear,2
First Year,3,15,7,Right-handed,On your left side,None,The Last of Us,2
Fourth Year,3,2,6,Right-handed,On your right side,None,The Last of Us,2
First Year,7,7,8,Right-handed,On your stomach,None,The Last of Us,2
First Year,5,4,7,Right-handed,On your right side,None,"The Last of Us, Black Mirror",2
Third Year,3,4,8,Right-handed,On your left side,None,"The Last of Us, One Piece, Gilmore Girls",2
Third Year,9,10,7,Right-handed,On your left side,None,"The Last of Us, Succession, Black Mirror, Ted Lasso",2
Second Year,4,10,8,Right-handed,On your left side,None,"The Last of Us, Succession, Black Mirror, The Mandalorian, The Bear",2
Third Year,5,10,7,Right-handed,On your right side,None,"The Last of Us, Ted Lasso",2
First Year,7,5,7,Right-handed,On your back,None,The Mandalorian,2
First Year,4,4,7,Right-handed,On your left side,None,The Mandalorian,2
First Year,4,15,6,Right-handed,On your right side,None,The Mandalorian,2
First Year,8,20,7,Right-handed,On your right side,None,The Mandalorian,2
First Year,4,7,8,Right-handed,On your right side,None,The Mandalorian,2
First Year,4,7,7,Right-handed,On your stomach,None,The Mandalorian,2
Second Year,2,2,8,Right-handed,On your stomach,None,The Mandalorian,2
First Year,5,6,7,Right-handed,On your left side,None,Ugly Betty,2
Third Year,1,1,7,Right-handed,On your back,None,Black Mirror,3
Second Year,5,10,8,Right-handed,On your right side,None,Black Mirror,3
First Year,4,5,6,Right-handed,On your stomach,None,Black Mirror,3
Fourth Year,7,2,7,Right-handed,On your back,None,Gilmore Girls,3
Second Year,6,3,8,Right-handed,On your left side,None,Gilmore Girls,3
Third Year,3,3,6,Right-handed,On your right side,None,Gilmore Girls,3
First Year,2,3,7.5,Right-handed,On your right side,None,Gilmore Girls,3
Fourth Year,4,3,8,Right-handed,On your back,None,gossip girl,3
First Year,4,5,9,Right-handed,On your back,None,None,3
Third Year,3,1,7,Right-handed,On your right side,None,None,3
First Year,7,6,7,Left-handed,On your stomach,None,None,3
Second Year,8,4,6,Right-handed,On your right side,None,"None, The Walking Dead",3
Third Year,7,15,7,Right-handed,On your right side,None,One Piece,3
Second Year,2,6,7.5,Right-handed,On your back,None,The Bear,3
First Year,8,6,6,Right-handed,On your back,None,The Good Doctor,3
Third Year,7,3,7,Right-handed,On your back,None,The Last of Us,3
First Year,6,12,8,Right-handed,On your right side,None,"The Last of Us, The Bear",3
First Year,7,4,6,Right-handed,On your back,None,The Mandalorian,3
Second Year,8,7,7,Right-handed,On your back,None,Ahsoka,4
Second Year,7,10,7,Right-handed,On your left side,None,Arcane,4
Third Year,7,8,8,Right-handed,On your left side,None,Black Mirror,4
Third Year,5,4,10,Right-handed,On your left side,None,Black Mirror,4
Third Year,6,5,7,Right-handed,On your right side,None,Black Mirror,4
Second Year,7,8,7,Right-handed,On your stomach,None,Black Mirror,4
First Year,8,12,7,Right-handed,On your right side,None,"Black Mirror, Gilmore Girls",4
Third Year,7,2,8,Right-handed,On your right side,None,Community,4
First Year,5,0,7,Right-handed,On your left side,None,Gilmore Girls,4
First Year,8,3,7,Right-handed,On your left side,None,Gilmore Girls,4
First Year,7,9,7,Right-handed,On your left side,None,Gilmore Girls,4
Second Year,5,2,8,Right-handed,On your left side,None,Gilmore Girls,4
Second Year,6,4,7,Right-handed,On your right side,None,Gilmore Girls,4
First Year,7,8,8,Right-handed,On your right side,None,Gilmore Girls,4
First Year,5,10,9,Right-handed,On your right side,None,"Gilmore Girls, One Tree Hill",4
Second Year,8,10,7,Left-handed,On your left side,None,Jane the Virgin,4
Third Year,6,5,7,Right-handed,On your left side,None,New Girl,4
Third Year,3,1,6,Right-handed,On your back,None,None,4
First Year,5,6,7,Right-handed,On your back,None,None,4
First Year,7,20,7,Right-handed,On your back,None,None,4
First Year,1,0,4,Right-handed,On your left side,None,None,4
First Year,8,12,5,Right-handed,On your left side,None,None,4
Second Year,9,9,7,Right-handed,On your left side,None,None,4
First Year,5,3,6,Right-handed,On your right side,None,None,4
First Year,4,4,7,Right-handed,On your right side,None,None,4
Second Year,7,4,7,Right-handed,On your right side,None,None,4
Second Year,7,1,5,Right-handed,On your stomach,None,None,4
Second Year,5,10,5,Right-handed,On your stomach,None,None,4
Second Year,9,8,8,Right-handed,On your back,None,The Bear,4
Third Year,4,4,8,both,On your left side,None,"The Bear, Seven Deadly Sins",4
Second Year,5,4,8,Right-handed,On your back,None,The Last of Us,4
Third Year,3,4,7,Right-handed,On your right side,None,Black Mirror,5
First Year,7,8,8.5,Right-handed,On your back,None,Gilmore Girls,5
First Year,4,6,6,Left-handed,On your left side,None,Gilmore Girls,5
First Year,8,10,6,Right-handed,On your right side,None,Gilmore Girls,5
First Year,7,9,7,Right-handed,On your left side,None,One Piece,5
Second Year,7,15,6,Right-handed,On your back,None,Succession,5
Third Year,6,4,7,Right-handed,On your right side,None,"Succession, Black Mirror, The Bear",5
First Year,2,5,7,Right-handed,On your right side,None,The Bear,5
First Year,7,15,7,Right-handed,On your right side,None,"Black Mirror, The Office",6
Second Year,10,5,6,Right-handed,On your stomach,None,greys anatomy,6
First Year,8,6,6,Right-handed,On your left side,None,None,6
Third Year,7,4,7,Right-handed,On your left side,None,None,6
Second Year,8,6,7,Right-handed,On your left side,None,None,6
Third Year,8,5,8,Right-handed,On your right side,None,None,6
Fourth Year,7,30,8,Right-handed,On your right side,None,Succession,6
Second Year,6,5,8,Right-handed,On your back,None,"Succession, Gilmore Girls",6
First Year,7,7,8,Right-handed,On your left side,None,Suits,6
First Year,5,4,8,Left-handed,On your right side,None,Ted Lasso,6
First Year,8,8,6,Right-handed,On your back,None,The Bear,6
First Year,10,7,7,Right-handed,On your right side,None,The Fall of the House of Usher,6
Third Year,3,5,6,Right-handed,On your back,None,"The Last of Us, Black Mirror, One Piece",6
Second Year,9,5,7,Right-handed,On your right side,None,game of thrones,7
Second Year,7,10,7,Right-handed,On your back,None,Gilmore Girls,7
Third Year,8,20,8,Right-handed,On your back,None,Gilmore Girls,7
Third Year,3,3,6,Right-handed,On your left side,None,None,7
First Year,4,2,5,Right-handed,On your left side,None,Black Mirror,8
Second Year,8,5,7,Right-handed,On your left side,None,Black Mirror,8
Second Year,9,10,8,Right-handed,On your right side,None,Black Mirror,8
Second Year,5,5,7,Right-handed,On your stomach,None,Black Mirror,8
First Year,8,7,7,Right-handed,On your right side,None,Gilmore Girls,8
Second Year,6,3,4,Right-handed,On your stomach,None,Gilmore Girls,8
First Year,6,8,7,Right-handed,On your back,None,None,8
Second Year,3,7,7,Right-handed,On your right side,None,"The Last of Us, Succession, Gossip Girl, Parks and Rec, Fellow Travelers, Made in Heaven",8
Second Year,8,15,6,Right-handed,On your back,None,Gilmore Girls,9
Second Year,7,7,6,Right-handed,On your left side,None,None,9
First Year,6,2,7,Right-handed,On your right side,None,"The Bear, Gilmore Girls",9
First Year,4,3,6,Right-handed,On your right side,None,Gilmore Girls,10
Fourth Year,8,19,8,Right-handed,On your left side,None,"Black Mirror, Gilmore Girls",11
Third Year,9,10,7,Right-handed,On your stomach,None,Gilmore Girls,13
First Year,4,5,7,Right-handed,On your left side,None,Black Mirror,16
First Year,7,5,7,Left-handed,On your left side,"None, ",None,0
Third Year,5,4,6,Right-handed,On your stomach,"None, ",Gilmore Girls,4
First Year,7,7,7,Right-handed,On your stomach,"None, ",None,4
First Year,2,2,8,Right-handed,On your back,Orca,Castaway Diva,0
Fourth Year,10,15,8,Right-handed,On your back,plants,"Black Mirror, The Mandalorian, Gilmore Girls",2
First Year,6,15,5,Left-handed,On your back,Rabbit,Black Mirror,0
First Year,6,1,5,Right-handed,On your left side,Rabbit,One Piece,0
Third Year,6,4,8,Right-handed,On your right side,Rabbit,One Piece,0
Second Year,8,20,8,Right-handed,On your right side,Rabbit,One Piece,0
First Year,6,10,7,ambidextrous,On your right side,Rabbit,Avatar the Last Airbender,2
Third Year,4,7,7,Right-handed,On your right side,Rabbit,Over the Garden Wall,6
Third Year,4,6,7,Right-handed,On your back,Snake,The Mandalorian,0
Third Year,7,5,8,Right-handed,On your right side,Snake,None,1
First Year,3,2,7,Right-handed,On your right side,"Snake, Lizard",None,2
First Year,5,6,8,Right-handed,On your left side,Turtle,Black Mirror,0
Second Year,3,2,7,Right-handed,On your stomach,Turtle,None,0
Second Year,3,5,8,Right-handed,On your stomach,Turtle,The Bear,0
First Year,6,5,6,Right-handed,On your left side,Turtle,"The Last of Us, Black Mirror, One Piece",0
First Year,3,5,7,Right-handed,On your right side,Turtle,"Black Mirror, One Piece",2
First Year,5,3,7,Right-handed,On your stomach,Turtle,Gilmore Girls,2
Second Year,7,10,8,Right-handed,On your right side,Turtle,None,2
First Year,6,7,6,Right-handed,On your right side,Turtle,Avatar The Last Airbender or The 100 or Game of Thrones,5
First Year,9,6,8,Right-handed,On your stomach,Turtle,Gilmore Girls,5
Third Year,3,2,3,Left-handed,On your left side,Turtle,The Mandalorian,123